slug,headline,body,surprise,placement,source,publisher,url
beef-the-only-pool-anyone-has-ever-counted,"One mixing pool in this corpus was measured, and it took DNA to do it","Every cascade here rests on an estimate of how many animals are in the pool. Nobody in poultry, eggs, saffron or maple measures that, because nobody has a reason to, so the audit prints `project-estimate-mixing` against pool after pool and it has always been the softest joint in the model.
Ground beef is the one exception. Hu et al. profiled DNA markers in six commercial grind batches and estimated animal abundance by mark-recapture - the same technique used to count fish in a lake, pointed at a hamburger. They found an average of 411 to 1,367 animals present per batch. That is a pool size counted rather than asserted, measured in the product itself, by the only method that can see through a grinder.
It matters well beyond beef. The commingling model claims that ordinary food is a blend of a great many animals, and for five of six subjects that claim rests on reasoning about how the trade works. Here it rests on somebody reading the DNA and finding the animals were there.",5,both,Estimating Animal Abundance in Ground Beef Batches Assayed with Molecular Markers,"Hu X-S, Simila J, Platz SS, Moore SS, Plastow G, Meghen CN; PLoS ONE 7(3):e34191",https://pmc.ncbi.nlm.nih.gov/articles/PMC3316629/
bird-flu-hit-the-layers-instead,Bird flu took 11 million layers out while broilers barely moved,"The companion to the broiler figure, and the two together are the whole story. US layers averaged 365 million in 2025, down 3% from 376 million, and eggs per layer slipped from 290 to 288 - which compounds into a 4% production drop, from 109 to 105 billion eggs. Broilers over the same period lost roughly 0.05% of throughput. Same virus, same country, same species of bird: one flock devastated, the other essentially untouched, because a broiler lives 47 days and a layer lives years.",5,both,Chickens and Eggs 2025 Summary,USDA National Agricultural Statistics Service,https://esmis.nal.usda.gov/sites/default/release-files/795778/ckegan26.pdf
bird-flu-is-an-egg-story,Bird flu barely touches chicken wings,"168.62 million birds have been lost to avian influenza since 2022, and the headlines are relentless - but roughly 75% of those were egg-laying hens and 11% turkeys. Broilers were about 8%, which works out near 0.05% of the 9.58 billion broilers slaughtered each year. Broilers live only 47 days, sit on smaller farms, and get restocked fast, so their cumulative exposure is low. Bird flu moves the price of eggs. It does not meaningfully move the price or supply of wings.",5,both,"The Highly Pathogenic Avian Influenza (HPAI) Outbreak in Poultry, 2022-Present",Congressional Research Service (R48518),https://www.congress.gov/crs-product/R48518
boneless-takes-a-third-of-a-chicken,A dozen boneless wings takes about a third of a chicken,"A 6.62 lb broiler carries roughly 691 g of boneless breast, and a commercial boneless wing is about 20 g of raw breast meat - so one bird makes around 34 of them. Twelve pieces is therefore about 0.35 of a chicken. A dozen bone-in wings needs six whole chickens. Same menu section, same price bracket, and roughly a seventeenfold difference in how many birds it took.",5,both,"Fully Cooked Breaded Whole Muscle Boneless Chicken Wings, product specs",Tyson Foodservice,https://www.tysonfoodservice.com/products/tyson/chicken/boneless-wings--chunks/00023700055446
boneless-wings-contain-no-wing,A boneless wing contains no wing meat,"It is breast meat, cut into chunks and breaded. Tyson's own foodservice catalogue files the product under ""boneless wings & chunks"" and describes it as whole muscle chicken breast - the industry is not hiding this, the name just does not mean what it says. The honest count of wings in a dozen boneless wings is zero.",5,both,"Fully Cooked Breaded Whole Muscle Boneless Chicken Wings, product specs",Tyson Foodservice,https://www.tysonfoodservice.com/products/tyson/chicken/boneless-wings--chunks/00023700055446
breading-adds-carbs-not-density,Breading a wing lowers its calories per gram,"A breaded fried wing measures about 180 kcal per 100 g against 191 for raw - which reads backwards until you notice why. Breading adds carbohydrate and absorbed water, so the piece gets heavier faster than it gets more caloric. The wing on your plate has more total calories; it is simply less calorie-dense per gram. Chicken itself contains no carbohydrate at all, so every gram of carb in a fried wing is breading.",5,learning,"Fast foods, fried chicken, wing, meat and skin and breading (FDC 170360)",USDA FoodData Central,https://fdc.nal.usda.gov/food-details/170360/nutrients
bruising-happens-at-the-end,90% of bruising happens in the last 12 to 24 hours,"Not during the seven weeks of grow-out - during catching, loading, transport, and shackling. By body region, bruises land on the breast 42% of the time, wings 33%, legs 25%. Almost all the damage in a 47-day life happens on the final day.",5,learning,The Influence of Welfare Training on Bird Welfare and Carcass Quality in Two Commercial Poultry Primary Processing Plants,Animals (PMC),https://www.ncbi.nlm.nih.gov/pmc/articles/PMC6719098/
chilling-changes-weight-not-count,How a plant chills its birds swings wing weight by 10%,"Air chilling makes a carcass LOSE about 2.5-2.8% of its weight. Immersion chilling makes it GAIN 4% and sometimes over 9%. That gap is larger than any loss in this entire model - and it cannot change the answer by a fraction, because chilling changes what a wing weighs, not how many wings a chicken has. Buy wings by the pound and it matters enormously. Order a dozen and it does not matter at all.",5,both,"Moisture retention by water- and air-chilled broilers, and effect of immersion or dry air chilling on carcass moisture retention",Poultry Science,https://www.sciencedirect.com/science/article/pii/S105661711931205X
dozen-eggs-could-be-one-hen,A dozen eggs might have come from a single chicken,"Wings and eggs ask the same question and get opposite answers. Twelve wings can never come from fewer than six chickens, because a chicken only has two. But a hen lays again tomorrow - so one hen, given about fifteen days, can fill an entire carton by herself. For eggs the honest answer runs from 1 chicken to 12, and which end you land on is a question about patience rather than biology.",5,both,Chickens and Eggs 2025 Summary,USDA National Agricultural Statistics Service,https://esmis.nal.usda.gov/sites/default/release-files/795778/ckegan26.pdf
eggs-invert-the-wing-story,"With eggs, the floor rises to meet the ceiling","For wings the minimum is six and mixing through the supply chain pushes the real answer up toward twelve. For a same-day dozen of eggs the minimum is already twelve, so the floor and the ceiling meet and there is nothing left for the supply chain to move. Same question, opposite structure.",5,learning,Chickens and Eggs 2025 Summary,USDA National Agricultural Statistics Service,https://esmis.nal.usda.gov/sites/default/release-files/795778/ckegan26.pdf
farmer-gets-twelve-cents,The farmer got about twelve cents for your dozen wings,"Contract growers are paid 3.8 to 4.6 cents per pound of live weight. Six birds at 6.62 lb is 39.7 lb, so raising them earned the grower roughly $1.67 - and charging only the wings' share of that bird, about 12 cents. Growers are paid on a relative ""tournament"" basis against other farms delivering the same week, so two people doing identical work can be paid differently.",5,both,Fees paid to growers for raising broiler chickens varied widely in 2020,USDA Economic Research Service,http://www.ers.usda.gov/data-products/charts-of-note/chart-detail?chartId=104642
grading-splits-wings,Size grading deliberately separates a bird's two wings,"Wings are weighed individually and sorted into jumbo, large, and medium. Two wings off the same bird rarely weigh exactly the same, so whenever they straddle a grade boundary they are routed into different boxes. The supply chain is not merely shuffling wings - at this step it is actively pulling pairs apart.",5,both,Mixing pool sizes reasoned from process equipment scale,counting-chicken-wings,
israel-2023-newcastle-dip,A disease outbreak and a war are visible in Israel's own statistics,"Israel's Central Bureau of Statistics reports broiler output of 553,068 tonnes for 2023 - below its 2020 figure of 578,164 tonnes, and 8% below the 600,072 tonnes of 2024. Output going backwards for a year is unusual in a growing industry, and the reason is documented: some 16 million head of poultry were lost in Newcastle disease outbreaks in the fourth quarter of 2023, poultry houses in the north and south were shut for the war, and foreign workers left, leaving slaughterhouses short-staffed enough to move to a six-day week.
The standing flock tells the same story: 34,121 thousand birds at the end of 2023 against 38,239 thousand at the end of 2020.
This is what a corpus is for. The dip was already in the government data we loaded; the explanation came from a trade publication, and neither would have meant much alone.",5,both,Israel poultry industry hit by war and labour shortage,Poultry World (Misset),https://www.poultryworld.net/the-industrymarkets/market-trends-analysis-the-industrymarkets-2/israel-poultry-industry-hit-by-war-and-labour-shortage/
israel-wings-on-the-mangal,Israel has a national holiday whose menu includes chicken wings,"On Yom Ha'atzmaut, Israel's Independence Day, the mangal - the barbecue - is treated as about as essential to the day as the president's speech. And what goes on it is not large joints of meat but small cuts: pargiyot, deboned chicken thighs cubed and skewered, and chicken wings, eaten with a great many salads.
Falafel, shawarma and schnitzel - the dishes outsiders name first when they think of Israeli food - barely feature. So the one product this whole project is built around is part of a national holiday in the country with the highest chicken consumption per person on earth.",5,both,"Going up in smoke, Sabra style",The Jewish Chronicle,https://www.thejc.com/life/food/going-up-in-smoke-sabra-style-q4sg2433
low-egg-states-are-broiler-states,Alabama's hens lay 100 fewer eggs a year than Montana's,"Alabama averaged 224 eggs per layer in 2025 and Montana 327. That is not worse farming - it is a different bird doing a different job. Alabama's layers are largely broiler-breeder hens producing hatching eggs that become meat chickens, and breeder hens lay far fewer eggs than table-egg strains. Of 377 million US layers, 60.7 million are hatching birds. A state's eggs-per-layer figure is mostly a readout of which mix it runs.",5,learning,Chickens and Eggs 2025 Summary,USDA National Agricultural Statistics Service,https://esmis.nal.usda.gov/sites/default/release-files/795778/ckegan26.pdf
menu-wing-ambiguity,"A restaurant ""dozen wings"" usually is not twelve wings","It is normally twelve PIECES - drumettes and flats. Each whole wing splits into a drumette, a flat, and a tip, and the tip is diverted to stock or rendering. So twelve pieces is six whole wings, which is three chickens' worth of anatomy. This single ambiguity changes the answer more than every processing loss combined.",5,both,A method of production of boneless chicken wings (drumettes and winglets) by separation of periosteum from bone without cutting skin and muscles,Poultry Science,https://www.sciencedirect.com/science/article/pii/S0032579119322989
nearly-every-breast-is-striped,96% of chicken breasts now show white striping,"White striping appears in essentially every commercial fillet. Severe woody breast runs about 12%, up from roughly 5% in 2012, and spaghetti meat 36%. More than 85% of fillets show more than one of these at once. Crucially the risk rises with live weight - so the big-bird deboning flocks that boneless product comes from are the worst affected. The real wing has no equivalent problem: wings are small working muscles and simply do not develop these myopathies.",5,learning,"Prevalence of breast muscle myopathies (spaghetti meat, woody breast, white striping) and associated risk factors in broiler chickens",PLOS ONE,https://journals.plos.org/plosone/article?id=10.1371%2Fjournal.pone.0267019
ohio-vs-north-carolina,An Ohio chicken weighs half what a North Carolina chicken does,"Ohio averaged 4.6 lb live weight in 2025; North Carolina averaged 8.4 lb. Same country, same year, same species - but they are different businesses. Ohio runs small birds for fast food and tray pack; North Carolina runs big birds for deboning. A pound of wings from each state represents a very different number of chickens.",5,both,Poultry Slaughter 2025 Summary,USDA National Agricultural Statistics Service,https://www.nass.usda.gov/Publications/Todays_Reports/reports/pslaan26.pdf
same-day-dozen-is-twelve-hens,A dozen eggs gathered in one day came from twelve different hens,"A hen's ovulation cycle runs a little over 24 hours, so she lays at most about one egg a day. No hen laid two of the eggs in a same-day carton, which means twelve eggs means twelve hens - necessarily, with no estimating involved. It is the same kind of hard fact as a chicken having two wings, just arrived at through a clock instead of anatomy.",5,both,Chickens and Eggs 2025 Summary,USDA National Agricultural Statistics Service,https://esmis.nal.usda.gov/sites/default/release-files/795778/ckegan26.pdf
season-states-agree-none-is-seasonal,"No state's bird weight is seasonal, and the states agree on the season","Broiler live weight moves 2.7% across the year nationally, from 6.55 lb in March to 6.73 lb in September. Judged on its own that swing is indistinguishable from twelve noisy numbers - and so is every single state's, all 22 of them.
Then look across the states instead of at any one of them. Thirteen of the 22 peak in August, September or October, where about five would be expected if the peak month were random, and twelve trough in February to April. Agreement between series that were surveyed separately is a different kind of evidence from the size of any one series' range, and it is much harder to explain away. The season is real, it is small, and no single state is evidence for it.",5,both,Poultry Slaughter 2025 Summary,USDA National Agricultural Statistics Service,https://www.nass.usda.gov/Publications/Todays_Reports/reports/pslaan26.pdf
silk-pupa-killed-for-an-unbroken-thread,The count is exact because the animal's whole life's work is taken at once,"A silkworm spins one cocoon, from one continuous filament three hundred to nine hundred metres long, and then it is killed inside it - baked, steamed or boiled before the moth can emerge.
That is not cruelty for its own sake and it is not a detail. A moth that emerges dissolves a hole through the wall and cuts the single thread into short useless lengths, so the cocoon has to be taken whole or not at all. The economics and the arithmetic point the same way: one animal, one cocoon, one unbroken thread, all of it or none.
It is why ""about 150 silkworms per necktie"" is a headcount rather than an average. Everywhere else in this project a number of animals is inferred from a mass or a yield that varies. Here each worm contributes its entire lifetime output exactly once, and the reason the figure is exact is the same reason the pupa does not survive.",5,both,Silkworm,New World Encyclopedia,https://www.newworldencyclopedia.org/entry/Silkworm
wing-tips-are-an-export-business,Wing tips and chicken paws are a $648 million export market,"What Americans discard, China buys. Wing tips and paws are sold there for soups, stews, and snacking, and together they make up roughly a $648 million annual US export market. Paws fetch $0.80 to $1.00 a pound exported against $0.05 to $0.10 a pound as domestic animal feed - close to ten times the value for the identical product.",5,learning,Chinese appetite for chicken paws proves a boon for U.S. producers,USA Poultry & Egg Export Council,https://www.usapeec.org/newsroom/media/pressrelease/chineseappetiteforchickenpaws/
a5-two-grades-not-one,"The A and the 5 in ""A5 wagyu"" grade two different things","Japan's Meat Grading Association assigns every carcass a yield grade - a letter, A to C, for how much meat the carcass gives up - and a separate meat quality grade, a number from 1 to 5. ""A5"" is the pairing of the best of each, not a single scale. The famous marbling score (BMS, 1 to 12) sits inside the quality number as one of four inputs alongside meat color, firmness and texture, and fat quality - and the quality grade takes the lowest of the four. A carcass with perfect marbling and slightly dull fat is not a 5.",4,both,The Japanese Wagyu beef industry: current situation and future prospects -- A review,Asian-Australasian Journal of Animal Sciences 31(7),https://www.animbiosci.org/journal/view.php?doi=10.5713/ajas.18.0333
avian-flu-scale,Bird flu has cost 168 million birds since 2022,"APHIS has confirmed highly pathogenic avian influenza in 1,689 commercial and backyard flocks between 2022 and April 2025, affecting 168.62 million birds. Almost all of that is layers and turkeys rather than broilers - a broiler reaches market in 47 days, which is a small window to be caught in, while a laying hen sits in one barn for well over a year. It is the main reason egg prices move and chicken wing prices mostly do not.",4,learning,Confirmations of Highly Pathogenic Avian Influenza in Commercial and Backyard Flocks,USDA Animal and Plant Health Inspection Service,https://www.aphis.usda.gov/livestock-poultry-disease/avian/avian-influenza/hpai-detections/commercial-backyard-flocks
beef-the-answer-is-one-and-that-is-the-honest-answer,The batch held a thousand cattle; the model still says your patty holds one,"Ask this project how many cattle are in a hamburger and it says about one, which reads like the model failing at the exact moment it should be most impressive. It is not. It is the model refusing to make something up.
The two numbers answer different questions. The batch your patty came out of held somewhere between 411 and 1,367 animals - that is the pool, and it is counted. Your patty is one share of a homogenate drawn from that pool, so the draw model has exactly one draw to work with, and one draw can be accounted for by one animal. To get a bigger number the model would need a figure for how many distinct parcels of trim survive into a single quarter pound. Nobody has measured that. Grinding is the most total mixer in the corpus precisely because it destroys the individual, which is the same reason the question is so hard to answer from the other end.
Wings work differently: six chickens is anatomy, and no supply chain can argue with it. A patty has no anatomical floor at all - its floor of one is only the observation that one animal is physically sufficient, reachable only on the home-ground route where nothing commingles. Inventing a parcels-per-patty figure would produce a far better headline and would be the single most dishonest number in the corpus.",4,learning,Escherichia coli O157:H7 in Ground Beef - Review of a Draft Risk Assessment,"National Research Council / Institute of Medicine, National Academies Press",https://www.ncbi.nlm.nih.gov/books/NBK221105/
boneless-portion-is-not-anatomy,How many boneless wings a chicken makes is a business decision,"A chicken has exactly two wings and no processor can change that. But the number of boneless wings per bird depends purely on how large the chunks are cut - somewhere between 25 and 43 pieces per bird for plausible portion sizes. For bone-in wings the floor is anatomy. For boneless it is a portioning choice, which is why this project stores the two with different confidence.",4,learning,"Fully Cooked Breaded Whole Muscle Boneless Chicken Wings, product specs",Tyson Foodservice,https://www.tysonfoodservice.com/products/tyson/chicken/boneless-wings--chunks/00023700055446
cage-free-does-not-change-the-count,"Cage-free changes the hen's life, not the arithmetic","Cage-free, free range, and pasture-raised describe how hens are housed, not how many. A cage-free house still holds tens or hundreds of thousands of birds, so a same-day dozen is still twelve different hens. The only setting where the number genuinely falls is a backyard flock - six hens filling a carton over two weeks really is about six hens.",4,both,"Chickens and Eggs, monthly releases 2026",USDA National Agricultural Statistics Service,https://www.nass.usda.gov/Surveys/Guide_to_NASS_Surveys/Chickens_and_Eggs/index.php
canada-quota-not-demand,Canadian chicken farmers do not decide how many birds to raise,"Chicken Farmers of Canada sets a national base allocation every few weeks, and provincial boards divide it into farm-level quota. A farmer cannot simply raise more chickens because a market signal says to - production is set in advance by a marketing board response to projected demand, import levels, and (as 2025 showed) disease and hatching-egg supply constraints, not the other way around.
This is the same kind of structural fact Israel's kosher slaughter stage was for that country's plan: it changes what ""how many chickens does Canada raise"" even means, rather than just changing an answer. It is also why Canada has no published ""standing flock"" figure the way Israel's or the US's inventories do - a quota-set system has no equivalent census to publish, because the quota itself already states the intended throughput.",4,learning,2025 Annual Report,Chicken Farmers of Canada,https://www.chickenfarmers.ca/wp-content/uploads/2026/03/CFC-Annual-report-2025-E.pdf
canada-two-weight-bases-one-report,Canada's own chicken statistics do not agree on how to weigh a chicken,"Statistics Canada reports 2025 chicken production in what a separate government page confirms is eviscerated weight - the dressed carcass, after processing. Chicken Farmers of Canada's own annual report, in the very same year, reports ""average farm size"" and producer price per kilogram of LIVE weight - the bird before slaughter, which for a broiler runs roughly 30% heavier than its eviscerated weight.
Two publishers, one country, one year, two different birds by weight - and neither publication says so next to the number. This project never combines the two: an average bird weight for Canada is derived only from StatCan's own head count and StatCan's own tonnage, both on the same (eviscerated) basis, precisely so this trap cannot enter through the back door.",4,learning,2025 Annual Report,Chicken Farmers of Canada,https://www.chickenfarmers.ca/wp-content/uploads/2026/03/CFC-Annual-report-2025-E.pdf
chicken-footprint-falling,Chicken's footprint per bird has fallen every year,"Between 2010 and 2020 the industry cut greenhouse gas per kg of live weight by 18%, fossil resource use by 22%, and land and water use by 13% each. Most of that came from feed efficiency: production rose 21% while feed consumption rose only 11%. The same efficiency drive that makes birds heavier and cheaper also made them lighter on the planet per pound.",4,learning,Broiler Production System Life Cycle Assessment: 2020 Update,National Chicken Council / University of Arkansas,https://www.nationalchickencouncil.org/wp-content/uploads/2021/09/Broiler-Production-System-LCA_2020-Update.pdf
chunks-are-breast-too,"The ""chunks"" are not wing either","Tyson files boneless wings under ""boneless wings & chunks"", which invites the question of whether chunks are a different cut. They are not. The ingredient statement reads ""boneless, skinless chicken breast chunks with rib meat"" - and rib meat is the portion left attached to the breast when it is deboned, part of the front quarter. It is not wing. Neither product contains any wing meat at all.",4,both,"Boneless wings and chunks product line, ingredient statements",Tyson Foodservice,https://www.tysonfoodservice.com/products/tyson/chicken/boneless-wings--chunks/00023700035608
condemnation-is-tiny,FSIS condemns less than half a percent,Post-mortem condemnation ran 0.45% in 2025 and 0.46% in 2024 - remarkably stable. People expect this to be the big loss in the system. It is one of the smallest.,4,learning,Poultry Slaughter 2025 Summary,USDA National Agricultural Statistics Service,https://www.nass.usda.gov/Publications/Todays_Reports/reports/pslaan26.pdf
cracked-eggs-become-liquid-egg,"A cracked egg is not thrown away, it is rerouted","A cracked shell is a ""check"", and along with dirty eggs it counts as ""restricted"" - barred from the carton but allowed to go to a breaker plant to become liquid egg. So it leaves the shell-egg stream without leaving the food supply. USDA tolerances permit up to 7% checks in a Grade A pack at origin, though that is a ceiling a pack must stay under, not a rate anyone aims for.",4,learning,"United States Standards, Grades, and Weight Classes for Shell Eggs",USDA Agricultural Marketing Service,https://www.ams.usda.gov/grades-standards/shell-egg-grades-and-standards
egg-cholesterol-is-the-outlier,An egg carries more cholesterol than anything else here,"372 mg per 100 g, or about 186 mg in one large egg - the highest figure anywhere in this dataset by a wide margin. It is also the number whose dietary meaning changed most in living memory: the 2015 Dietary Guidelines dropped the explicit 300 mg-a-day cap that had stood for decades. Worth knowing what an egg contains. What that means for your diet is a clinical question, and this project has no standing to answer it.",4,learning,"Egg, whole, raw, fresh (FDC 171287)",USDA FoodData Central,https://fdc.nal.usda.gov/food-details/171287/nutrients
egg-grading-is-not-separating,"Grading splits a chicken's wings apart, but cannot split her eggs","This is a modelling choice worth stating plainly rather than burying. Wings and eggs are both weighed and sorted, but the step does different work. A bird has exactly two wings, so weighing them routes a pair into different boxes whenever they straddle a grade boundary - the supply chain actively pulls the pair apart. An egg arrives at the grader already alone, because a hen laid one that day and nothing pairs it with another. There is no pair for grading to break.
So we model egg grading as ordinary mixing and wing grading as active separation. It is a judgement about mechanism, not a figure from a source, and it is the kind of assumption that should be visible.",4,learning,"United States Standards, Grades, and Weight Classes for Shell Eggs",USDA Agricultural Marketing Service,https://www.ams.usda.gov/grades-standards/shell-egg-grades-and-standards
feed-behind-a-dozen-wings,A dozen wings represents about five pounds of feed,"At a feed conversion of 1.69 and a 6.57 lb market weight, one broiler eats about 11 lb of feed. The six birds behind a dozen wings ate roughly 67 lb between them - but the wings are only about 7% of the bird, so their honest share is close to 4.9 lb of corn and soy. The rest of that feed became somebody else's breast fillet.",4,learning,U.S. Broiler Performance,National Chicken Council,https://www.nationalchickencouncil.org/about-the-industry/statistics/u-s-broiler-performance/
flat-beats-drumette,The flat has a better meat yield than the drumette,The drumette is heavier - 39.9 g against 30.7 g bone-in - but the flat yields 80.1% boneless meat against the drumette's 74.9%. Bigger does not mean meatier.,4,learning,A method of production of boneless chicken wings (drumettes and winglets) by separation of periosteum from bone without cutting skin and muscles,Poultry Science,https://www.sciencedirect.com/science/article/pii/S0032579119322989
footprint-must-be-allocated,A dozen wings is not six chickens' worth of carbon,"One broiler carries about 2.90 kg of CO2 equivalent across its whole life. It is tempting to multiply that by six - but wings are only about 7% of the bird, and the breast, thighs and drums went to other plates. Allocated by mass, a dozen wings carries closer to 1.3 kg CO2 equivalent. Charging the whole bird to the wings would overstate it roughly fourteenfold.",4,learning,Broiler Production System Life Cycle Assessment: 2020 Update,National Chicken Council / University of Arkansas,https://www.nationalchickencouncil.org/wp-content/uploads/2021/09/Broiler-Production-System-LCA_2020-Update.pdf
israel-farmer-vs-retail-price,An Israeli chicken triples in price between the farm and the shelf,"A named industry figure - the secretary of Israel's Poultry Breeders Association - puts the price paid to the farmer at about NIS 6.5 a kilo against roughly NIS 20 a kilo at the retail chains, on a production cost of about NIS 6 over a 40-day grow-out. That is a farmer's margin of roughly half a shekel and a chain's margin of about eight.
Graded 'industry', not 'measured': it is a working figure from inside the trade rather than something a statistical agency enumerated. It is here because it answers the question people actually ask after ""how many chickens"" - which is ""so where does the money go"".",4,learning,Poultry producers warn first-ever imports of chickens will destroy local farms,The Times of Israel,https://www.timesofisrael.com/poultry-producers-warn-first-ever-imports-of-chickens-will-destroy-local-farms/
israel-head-count-is-not-measured,"Israel counts its chickens in tonnes, and the industry fills in the birds","Israel's Central Bureau of Statistics publishes one of the longest poultry series anywhere - flock and output figures reaching back to 1960 - with broiler output in tonnes, a standing flock at year-end, and a district breakdown. A heads-slaughtered count is simply not one of its published measures, a definitional choice many national statistical systems make; the US, where the Department of Agriculture enumerates broilers slaughtered (9,579,797,000 for 2025), is the exception rather than the rule.
The bird count comes instead from Israel's industry bodies, which publish detailed public sector tables of their own: about 260 million birds a year, from a named official via the trade press. It survives two independent checks. Divide the 600,072 tonnes CBS did measure by that 260 million and you get about 2.3 kg a bird, which is what a 40-day broiler weighs. And a second industry body - the growers' organisation, four years earlier - reports 244 million chicks placed in 2021, about 6% below, which is roughly what four years of growth looks like.
Three sources that did not copy each other, agreeing. This corpus still declines to derive an official-looking count nobody published - that restraint is the project's own discipline, not a shortfall in the sources - so both readings stay available: ask for measured figures only and Israel answers scale in the measures CBS actually publishes; include industry figures and it answers the count question too.",4,both,Poultry producers warn first-ever imports of chickens will destroy local farms,The Times of Israel,https://www.timesofisrael.com/poultry-producers-warn-first-ever-imports-of-chickens-will-destroy-local-farms/
israel-kosher-inspection-no-us-analogue,Kosher slaughter adds an inspection step the US model has no room for,"After a bird is slaughtered under shechita, bedikah inspects the lungs, intestines and tendon junctions, and any bird with a blemish is pulled off the line for a rabbi to rule on. There is no FSIS equivalent: a US plant's post-mortem check is looking for different things and rejects on different grounds.
That is a loss stage with no American counterpart, and it should push the birds-required number up in a country where essentially all commercial slaughter is kosher. It is not in the model, and it is not in the model for an honest reason: no rejection rate is published anywhere we can reach. Describing the step costs nothing; putting a number on it would mean inventing one.",4,learning,Shechita: All About Kosher Ritual Slaughter,Orthodox Union (OU Kosher),https://oukosher.org/blog/consumer-kosher/shechita/
line-speed-and-broken-wings,"Some plants run 175 birds a minute, others 140","Plants under the New Poultry Inspection System may run 175 birds per minute; everyone else is capped at 140. That matters for wings specifically, because the damage that breaks them happens at shackling, and comment records tie faster lines to birds being hung improperly. Regulators counter that fast plants meet food safety standards - which is true, and a different question. Salmonella performance tells you nothing about how many wings got broken.",4,learning,Maximum Line Speed Rates for Young Chicken and Turkey Establishments Operating Under the New Poultry Inspection System,USDA Food Safety and Inspection Service / Federal Register,https://www.fsis.usda.gov/policy/federal-register-rulemaking/federal-register-rules/maximum-line-speed-rates-young-chicken
mortality-rising,Broiler mortality has been getting worse since 2013,"It hit a historic low of 3.7% in 2013 and has climbed to 5.93% by 2024, even as feed conversion kept improving from 1.75 to 1.69. Birds are more efficient than they have ever been and also dying more often.",4,learning,U.S. Broiler Performance,National Chicken Council,https://www.nationalchickencouncil.org/about-the-industry/statistics/u-s-broiler-performance/
season-february-is-not-heavier,The Super Bowl does not show up in the birds,"Wing demand spikes in the first week of February, so it would be reasonable to expect February birds to be bigger. They are not: February is the third-lightest month in the national series, and the peak is five months earlier in September.
That is not a mystery, it is a lead time. A bird slaughtered in early February was placed as a chick before Christmas, and a grower cannot decide in January to have grown a heavier bird. Whatever absorbs the spike - frozen inventory, imports, or grade mix - is not bird size, and none of those three series is in this corpus, so this project can show you that the weight does not move and cannot yet tell you what does.",4,both,Poultry Slaughter 2025 Summary,USDA National Agricultural Statistics Service,https://www.nass.usda.gov/Publications/Todays_Reports/reports/pslaan26.pdf
season-texas-one-bad-june,One odd month looks exactly like a season if you only measure the range,"Texas's monthly weights swing 7.3%, and the swing is 5.4 times the typical month-to-month movement - which on that test alone reads as seasonal. It is one June. Smooth the series across neighbouring months and less than half the swing survives, where a real annual cycle keeps about 90% of it and a single odd month keeps about a third.
This is the shape of a whole category of wrong answer. A range is trivial to compute and says nothing about whether the year has a shape, so Kentucky's 12.3% swing - the largest of any serious broiler state - is one August and nothing else, while Alabama's 3.6% is spread across the year and means more.",4,learning,Poultry Slaughter 2025 Summary,USDA National Agricultural Statistics Service,https://www.nass.usda.gov/Publications/Todays_Reports/reports/pslaan26.pdf
silk-nobody-writes-down-one-cocoon-per-worm,The hardest silk figure to source is the most obvious one,"One silkworm spins one cocoon. Every per-garment figure in this corpus is a cocoon count, and a cocoon count only becomes an animal count because that holds - so it is the load-bearing number of the whole subject.
It is also the one number that could not be extracted automatically. Two runs of two different models declined to answer it, and they were right to: sericulture writers never state it numerically. They write ""the larvae enclose themselves in a cocoon"", which contains no number at all, so an honest answer of 1 has nothing to verify against. A sweep of thirty-five sources - the FAO, Britannica, Wikipedia, zoos, university extension PDFs - turned up exactly one fetchable sentence stating the relation, and it states it sideways.
Things everybody knows are not written down. That is a general hazard for any project that builds a corpus by reading documents, and it is worth knowing that the gap tends to sit under the foundations rather than out at the edges.",4,learning,"Multi-silkworm cocoon: structure, properties and the collective spinning behaviour behind it (Int J Biol Macromol, PMID 38061509)",PubMed / Elsevier,https://pubmed.ncbi.nlm.nih.gov/38061509/
twelve-eggs-needs-fifteen-hens,Getting a dozen eggs in one day actually takes about fifteen hens,"Twelve hens is the floor, but hens do not lay every single day. At the US average rate of 0.789 eggs per hen per day, you need roughly 15.2 hens on hand to collect twelve eggs before sundown. The floor is what is physically possible; fifteen is what it actually takes.",4,learning,Chickens and Eggs 2025 Summary,USDA National Agricultural Statistics Service,https://esmis.nal.usda.gov/sites/default/release-files/795778/ckegan26.pdf
wing-tips-are-a-third-segment,Every wing has a third segment you never see,"A whole wing is a drumette, a flat, and a tip. The tip is mostly skin, bone, and cartilage with almost no meat, so it is cut off and diverted before the wings ever reach a restaurant. When a menu says twelve wings, twelve tips went somewhere else.",4,both,A method of production of boneless chicken wings (drumettes and winglets) by separation of periosteum from bone without cutting skin and muscles,Poultry Science,https://www.sciencedirect.com/science/article/pii/S0032579119322989
wing-tips-domestic-fate,"At home, wing tips become stock, pet food, or fertilizer","Tips that do not get exported are ground into pet food, rendered into chemicals and fertilizer, or simmered into commercial stock. Rendering the whole volume would return less than a tenth of what the export market pays, which is why a trade dispute over chicken feet is a real and expensive thing.",4,learning,Chinese appetite for chicken paws proves a boon for U.S. producers,USA Poultry & Egg Export Council,https://www.usapeec.org/newsroom/media/pressrelease/chineseappetiteforchickenpaws/
wings-is-a-regulated-word,"""Wings"" is a regulated word, and boneless wings comply with it","USDA standards say a product labelled wings must be the entire wing, all muscle and skin intact, with only the tip removable - and that where bone has been removed the name must say so. ""Boneless wing"" satisfies that rule by disclosing the missing bone. The label is not a loophole; it is doing exactly what the regulation asks, which is why the name survives despite containing no wing.",4,learning,Food Standards and Labeling Policy Book,USDA Food Safety and Inspection Service,https://www.usda.gov/sites/default/files/guidance-documents/FSIS-GD-2005-0003-Food-Standards-and-Labeling-Policy-Book.pdf
wings-most-damaged-part,"Wings are the most damaged part of the chicken, by far","Median wing injuries run 5.7% per load. Legs, breast, and shoulders are each under 1%. Wings stick out, they get caught, and they break during catching, loading, and shackling. This is the single largest loss in the model and the main reason it takes more than six chickens.",4,both,Rearing and handling injuries in broiler chickens and risk factors for wing injuries during loading,Canadian Journal of Animal Science,https://cdnsciencepub.com/doi/10.1139/cjas-2019-0204
an-egg-is-leaner-than-a-wing,An egg carries wing-like protein with a third less fat,"Per 100 g an egg has 12.56 g of protein against a raw wing's 17.5 g, but only 9.51 g of fat against 12.8 g. The wing loses on that trade because of what it is: mostly skin, bone and small muscles, so its skin-to-meat ratio is high before anyone has breaded or fried it.",3,learning,"Egg, whole, raw, fresh (FDC 171287)",USDA FoodData Central,https://fdc.nal.usda.gov/food-details/171287/nutrients
bms-eight-earns-the-five,It takes a marbling score of 8 out of 12 to earn the 5 in A5,"The 12-point Beef Marbling Standard is bucketed into the 5-point quality grade: BMS 8 through 12 all earn a quality score of 5, and BMS 5 through 7 earn a 4. So ""A5"" spans a wide range of actual marbling - the floor of the top grade sits at 8, and everything above it collapses into the same letter-number pair. An American wagyu breeder's guide also puts the entry point for BMS 3 at a minimum of 21% intramuscular fat - and notes Japan measures at a different rib site (6th/7th) than the US (12th/13th), so the two systems' numbers are not directly comparable.",3,learning,Carcass Grading (breeding guide technical resources),Lone Mountain Cattle Company,https://www.lonemountaincattle.com/breeding-guide/technical-resources/carcass-grading/
canada-per-capita-disappearance,"Chicken is Canada's most-eaten meat, and the number is government-dated","Agriculture and Agri-Food Canada puts chicken's ""per capita disappearance"" - the standard supply-side proxy for how much of a food actually gets eaten - at 35.64 kilograms per person in 2025, ahead of every other animal protein in the country.
""Disappearance"" is kept rather than translated to ""consumption"" because it means something narrower: total supply minus exports minus the change in frozen stocks, not a measured intake figure. It is the standard the industry itself uses, and it is the reason this figure can ship as a dated fact where Israel's much-repeated ""highest per-capita consumer"" claim could not - Israel's version traced to a dead link, and every replacement disagreed with the others by up to 20%. Canada's traces to one government page, for one named year.",3,both,Canada's chicken industry — at a glance,Agriculture and Agri-Food Canada,https://agriculture.canada.ca/en/sector/animal-industry/poultry-and-egg-market-information/chicken
cook-loss-irrelevant,"Cooking changes the weight, never the count","Frying costs a wing roughly 20% of its mass, which matters a great deal for food cost and not at all here. Twelve wings go into the fryer, twelve wings come out. Cook loss has zero effect on how many chickens it took.",3,learning,Placeholder pending research,counting-chicken-wings,
dressing-yield,About three quarters of a live chicken becomes sellable meat,63.44 billion lb went in live; 48.01 billion lb came out ready-to-cook. That is a dressing yield of 75.67% - and it is not an estimate. It falls straight out of two totals USDA measures directly.,3,learning,National dressing yield derived from NASS totals,counting-chicken-wings,
egg-data-agrees-with-itself,"The egg numbers check out against themselves, twice","Average layers times eggs per layer reproduces reported total production for every one of the 31 states with 2025 figures. And 288 eggs a year divided by 365 days gives 0.789 eggs per hen per day, matching the 78.7 to 79.9 eggs per 100 layers that USDA reports from an entirely separate monthly survey. Two unrelated tables landing on the same answer is the strongest validation anywhere in this project.",3,learning,Chickens and Eggs 2025 Summary,USDA National Agricultural Statistics Service,https://esmis.nal.usda.gov/sites/default/release-files/795778/ckegan26.pdf
israel-pargiyot-baby-chickens,"'Pargiyot' means baby chickens, and it no longer does","Pargiyot is the Israeli grill staple, and the name is a fossil. It means ""baby chickens"" in Hebrew, after the young birds that were once the cut of choice. Today the same word is used for cubed and marinated chicken thigh or breast from an ordinary broiler.
Worth noticing because this project counts birds, not menu items. A name that used to describe a whole small bird now describes a portion of a large one - the same drift that makes ""a dozen wings"" ambiguous between twelve whole wings and twelve fried pieces.",3,learning,"Going up in smoke, Sabra style",The Jewish Chronicle,https://www.thejc.com/life/food/going-up-in-smoke-sabra-style-q4sg2433
kitchen-waste-corroborated,Restaurant kitchens waste 4-13% of what they buy,"EPA figures put food waste at 4% to 13% of food costs in commercial kitchens, with spoilage alone running 1-5% in prepare-ahead operations and 1-6% in cook-to-order. That independently brackets the ~4.2% of purchases the foodservice data says goes unused - two different bodies measuring different things and landing in the same place. It is why restaurant loss is one of the better-evidenced numbers in this model despite sounding like the softest.",3,learning,"Food waste reduction in commercial kitchens (Winnow, EPA materials)",US Environmental Protection Agency,https://www.epa.gov/sites/default/files/2019-12/documents/winnow_presentation_12_19_19.pdf
mexico-ave-vs-pollo-taxonomy,Mexico's own statistics split poultry meat two ways,"Mexican agricultural statistics report ""carne de ave"" (poultry meat) as a category that includes both chicken and turkey, and ""carne de pollo"" (chicken meat) as chicken alone. A national poultry-meat total would overstate this project's broiler figure by whatever share turkey contributes - so every Mexican number this project publishes is checked against a source's own wording and is specifically the ""pollo"" reading, never the broader ""ave"" aggregate.",3,learning,Panorama de la industria de la carne de ave en México,BM Editores,https://bmeditores.mx/avicultura/panorama-de-la-industria-de-la-carne-de-ave-en-mexico
mexico-self-sufficiency-eighty-percent,Mexico makes about four in five of its own chickens,"In 2023, Mexico produced 3,888,000 tonnes of chicken meat against a total domestic supply (production plus imports) of 4,894,000 tonnes - about 79.4% self-sufficiency, with the remaining fifth arriving mostly from the United States (about 86% of 2023 imports) and Brazil (about 14%). Two independently reported trade-press figures land within a point of the same number (79.6% and ""almost 80%""), which is why this is one of the few Mexican figures in this project confident enough to publish as a headline.
This is the opposite shape from Israel, which the corpus already describes as a net surplus producer - Mexico runs the more ordinary pattern of a large producer that still imports a meaningful share of what it eats.",3,both,Mexico: Poultry and Products Annual (GAIN Report MX2024-0040),USDA Foreign Agricultural Service (FAS GAIN),https://apps.fas.usda.gov/newgainapi/api/Report/DownloadReportByFileName?fileName=Poultry+and+Products+Annual_Mexico+City_Mexico_MX2024-0040.pdf
mexico-tif-inspection-not-fsis-equivalent,Only some Mexican poultry plants answer to a federal inspector,"Mexico's Tipo Inspección Federal (TIF) system federally certifies slaughter and processing plants; industry estimated that about 85% of 2024 poultry slaughter ran through TIF-certified plants (121 of them nationally), up from about 83% in 2023. The remaining slaughter runs through state or municipal inspection, or none at all.
Unlike Israel's kosher bedikah inspection, which the corpus already describes as a loss stage with no US analogue, TIF coverage is a question of which SHARE of the national supply is inspected at all, not what an inspector rejects - and no rejection or condemnation rate for either TIF or non-TIF slaughter was found in this research pass. Described here rather than modelled as a loss stage, for the same reason Israel's bedikah is described and not quantified: a number here would be invented, not sourced.",3,learning,Mexico: Poultry and Products Annual (GAIN Report MX2024-0040),USDA Foreign Agricultural Service (FAS GAIN),https://apps.fas.usda.gov/newgainapi/api/Report/DownloadReportByFileName?fileName=Poultry+and+Products+Annual_Mexico+City_Mexico_MX2024-0040.pdf
mexico-weekly-throughput-not-annualized,"Mexico's own poultry trade body counts birds by the week, not the year","The Unión Nacional de Avicultores (UNA) - Mexico's national poultry producers' association - reports approximately 39.3 million chickens processed per week as of 2025. This project deliberately does not multiply that by 52 to produce an annual head count: doing so would assert a constant weekly rate that nobody has published, on top of a figure that is already an industry estimate rather than a government enumeration. So Mexico, like Israel, currently has no bird count in this corpus - the reason is different (a rate that resists honest annualization, rather than a measurement nobody took at all), but the caution is the same.",3,learning,Industria (statistics page),Unión Nacional de Avicultores (UNA),https://una.org.mx/industria/
nineteen-billion-wings,The US produced 19.16 billion whole wings in 2025,"9,579,797,000 broilers were slaughtered, and each had two wings. That is about 56 whole wings for every person in the country, every year.",3,learning,Poultry Slaughter 2025 Summary,USDA National Agricultural Statistics Service,https://www.nass.usda.gov/Publications/Todays_Reports/reports/pslaan26.pdf
top-four-concentration,Four companies produce well over half the chicken in America,"Tyson at 21.3%, Pilgrim's Pride at 15.8%, and Wayne-Sanderson at 14.4% lead a top four holding roughly 58% of national output across about 180 plants. A wing picked at random has better than even odds of coming from one of four companies.",3,learning,Top 10 US chicken producers grow in new directions,WATTPoultry / WATTAgNet,https://www.wattagnet.com/broilers-turkeys/processing-slaughter/article/15516740/top-10-us-chicken-producers-grow-in-new-directions-wattagnet
transit-loss-is-unmeasured,Nobody publishes how many wings are lost in transit,"Loads do get rejected at the receiving dock over temperature excursions, and cases do get crushed. But the peer-reviewed modelling of cold-chain food loss covers ten supply chain stages and declines to break transport out as one of them, stating outright that the underlying loss rates remain uncertain. So this model carries a deliberately low, deliberately wide estimate and labels it as such. Frozen wings also tolerate transit far better than the fresh product most of that literature studies, so borrowing a fresh-meat figure would overstate it.",3,learning,The impact of refrigeration on food losses and associated greenhouse gas emissions throughout the supply chain,Environmental Research Letters (IOP),https://iopscience.iop.org/article/10.1088/1748-9326/ad4c7b
wings-are-mostly-fat-calories,About 60% of a wing's calories come from fat,"A raw whole wing with skin runs 191 kcal and 17.5 g of protein per 100 g. Wings carry a high skin-to-meat ratio because they are mostly skin, bone, and small muscles - that is inherent to the cut, before anyone has breaded or fried it.",3,both,"Chicken, broilers or fryers, wing, meat and skin, raw (FDC 172390)",USDA FoodData Central,https://fdc.nal.usda.gov/food-details/172390/nutrients
mexico-veracruz-consistent-state-leader,The same state has led Mexican chicken production in every recent ranking,"Veracruz was Mexico's top chicken-meat-producing state in 2019 (11.7% of national output, per a peer-reviewed citation of SIAP), in 2021 (per the national agricultural council), and again in 2023-24 (per the USDA's own attaché report), with Aguascalientes, Jalisco, Querétaro and Durango rotating through the next few places across every year checked in this research pass. The one earlier year checked, 2014, named a different leader - Aguascalientes, per a SADER article - so the streak is ""every ranking since 2019"", not forever.
The exact order of that second tier is NOT settled: sources describing the same 2023-24 period disagree on whether Aguascalientes or Jalisco ranks second, and this project deliberately does not pick a side - see docs/MEXICO-PLAN.md. What is consistent across every source from 2019 onward is Veracruz in first place and the same five or six states making up roughly half to two-thirds of national output.",2,learning,Mexico: Poultry and Products Annual (GAIN Report MX2024-0040),USDA Foreign Agricultural Service (FAS GAIN),https://apps.fas.usda.gov/newgainapi/api/Report/DownloadReportByFileName?fileName=Poultry+and+Products+Annual_Mexico+City_Mexico_MX2024-0040.pdf
two-wings-hard-floor,A chicken has exactly two wings,"This is the only hard constant in the whole model. Every other number here is an estimate layered on top of it. Twelve wings cannot come from fewer than six chickens - not on the best day, not at any plant, not anywhere. That is why the answer is ""6 or more"" rather than ""about 6"".",2,both,"Yield of Carcass, Parts, Meat, Skin, and Bone of Eight Strains of Broilers",Poultry Science,https://www.sciencedirect.com/science/article/pii/S003257911946625X/pdf
