sequence,slug,label,mixing_kind,pool_lo,pool_mode,pool_hi,confidence,description,source
10,separation,Cut-up line (wing separation),random,500,5000,20000,estimate,"The first and most important mixing point. Wings are cut from the carcass and drop onto a shared conveyor. A bird's left and right wing part company here and, in a commodity plant, never meet again.",project-estimate-mixing
20,wing_chiller,Wing chiller,random,2000,20000,60000,estimate,Bulk immersion or air chilling. Thousands of wings tumble together in a single vessel with a residence time measured in tens of minutes.,project-estimate-mixing
30,size_grading,Size grading (jumbo / large / medium),separating,2000,20000,60000,estimate,"Wings are weighed individually and routed to grade streams. This is ACTIVE SEPARATION, not shuffling: a bird's two wings go to different boxes whenever they fall on opposite sides of a grade boundary. The single strongest driver pushing the answer toward 12.",project-estimate-mixing
40,combo_bin,Combo bin,random,4000,8700,15000,estimate,"Bulk container, commonly around 2,000 lb. At roughly 0.23 lb per whole wing that is about 8,700 wings in one bin.",project-estimate-mixing
50,iqf_freezer,IQF freezer tunnel,random,10000,50000,200000,estimate,Individually quick frozen on a continuous belt. Continuous flow means no lot boundaries are preserved through this step.,project-estimate-mixing
60,case_pack,Case pack,none,150,175,200,estimate,"Boxed, commonly 40 lb - roughly 175 wings. Packing does not mix; it draws from an already-mixed stream. By this point essentially every wing in the case is from a different bird.",project-estimate-mixing
70,distributor,Distributor warehouse,random,20000,100000,500000,estimate,"Pallets assembled from many lots, plants, and sometimes producers.",project-estimate-mixing
80,restaurant_freezer,Restaurant freezer bin,random,300,2000,10000,estimate,The bin is topped up from multiple cases across multiple deliveries. Old and new stock commingle - the practical reason a single order can span weeks of production.,project-estimate-mixing
90,fryer_basket,Fryer basket,none,300,2000,10000,estimate,The draw itself. Twelve wings are scooped from the bin - the point at which the question finally gets answered.,project-estimate-mixing
